[
  {
    "Id": "0",
    "Name": "Easy Pro Update v1.3.1.1",
    "DevelopmentStatus": "Beta",
    "Description": "*+Et non il ne s'agit pas d'un poisson d'avril+ !* [image:http://forum.bluesheepbot.com/public/style_emoticons/default/hap.gif]\n\n*v1.3.1.1* - *Easy Pro Update* peut maintenant *contrôler* les extentions suivantes : *.zip* - *.rar* - *.gz* - *.tar*  \n:: (*téléchargement*, *extraction*, *lancement en tant qu'administrateur* ou *non*)\n: - *Amélioration* de la *précision du temps restants* du téléchargement de la mise à jour",
    "ReleasedDatge": "0001-01-01T00:00:00",
    "ModifiedDate": "2015-04-01T06:22:00.983-07:00",
    "Files": [
      {
        "Id": "5c5d65fa-e7dc-4bc2-b95f-7098235e18c8",
        "FileName": "EasyProUpdate.zip",
        "Url": "./0/5c5d65fa-e7dc-4bc2-b95f-7098235e18c8",
        "Type": "Application",
        "UploadDate": "2015-04-01T06:10:35.837-07:00"
      }
    ]
  },
  {
    "Id": "1",
    "Name": "Easy Pro Update v1.2.2",
    "DevelopmentStatus": "Beta",
    "Description": "*v1.2.2* - Affiche le *temps restant du téléchargement* de la mise à jour [image:http://forum.bluesheepbot.com/public/style_emoticons/default/oui.gif]\n:- Permet d'*ouvrir les liens des informations* de la mise à jour",
    "ReleasedDatge": "0001-01-01T00:00:00",
    "ModifiedDate": "2015-04-01T06:23:39.577-07:00",
    "Files": [
      {
        "Id": "279824b1-a3f6-433c-b7d0-c6ad8ea97691",
        "FileName": "EasyProUpdate.zip",
        "Url": "./1/279824b1-a3f6-433c-b7d0-c6ad8ea97691",
        "Type": "Application",
        "UploadDate": "2015-03-16T16:05:12.457-07:00"
      }
    ]
  },
  {
    "Id": "2",
    "Name": "Easy Pro Update v1.1.2",
    "DevelopmentStatus": "Beta",
    "Description": "*v1.1.2* - Exécution de la mise à jour téléchargée *en tant qu’administrateur* sauf les fichiers avec l'extension *.msi*\n:- Possibilité de *suivre la progression du téléchargement* de la mise à jour dans la *barre des tâches*.",
    "ReleasedDatge": "0001-01-01T00:00:00",
    "ModifiedDate": "2015-03-16T16:00:15.433-07:00",
    "Files": [
      {
        "Id": "467fe286-23db-4f91-8931-ecccc15394ea",
        "FileName": "EasyProUpdate.zip",
        "Url": "./2/467fe286-23db-4f91-8931-ecccc15394ea",
        "Type": "Application",
        "UploadDate": "2015-03-07T17:13:15.91-08:00"
      }
    ]
  },
  {
    "Id": "3",
    "Name": "Easy Pro Update v1.0.0",
    "DevelopmentStatus": "Alpha",
    "Description": "*v1.0.0* - Sortie publique de *Easy Pro Update*",
    "ReleasedDatge": "0001-01-01T00:00:00",
    "ModifiedDate": "2015-02-21T07:23:45.07-08:00",
    "Files": [
      {
        "Id": "12ad0fef-299c-43ad-ad43-219fef7bdbea",
        "FileName": "EasyProUpdate.zip",
        "Url": "./3/12ad0fef-299c-43ad-ad43-219fef7bdbea",
        "Type": "Application",
        "UploadDate": "2015-02-21T07:23:43.587-08:00"
      }
    ]
  }
]