[
  {
    "Title": "Home",
    "Id": "1794892",
    "ParentWikiTitle": "Home",
    "FileExtension": "codeplexwiki",
    "UpdatedDate": "2015-03-16T16:11:34.297-07:00",
    "FileAttachments": [
      {
        "Id": "a0145505-8696-493d-a546-df64b0acb452",
        "FileName": "Easy Pro Update.png",
        "DownloadUri": "./1794892/a0145505-8696-493d-a546-df64b0acb452"
      },
      {
        "Id": "742cfa66-5a47-43ad-97bc-b081536d9af6",
        "FileName": "Easy Pro Update - Download.png",
        "DownloadUri": "./1794892/742cfa66-5a47-43ad-97bc-b081536d9af6"
      }
    ]
  },
  {
    "Title": "Documentation",
    "Id": "1792313",
    "ParentWikiTitle": "Documentation",
    "FileExtension": "codeplexwiki",
    "UpdatedDate": "2015-03-08T12:46:29.857-07:00",
    "FileAttachments": [
      {
        "Id": "9a483e99-e095-47a9-aa58-394e6ea12008",
        "FileName": "C#.png",
        "DownloadUri": "./1792313/9a483e99-e095-47a9-aa58-394e6ea12008"
      },
      {
        "Id": "a5ab8461-bff6-4032-a4aa-f4e2089a94b2",
        "FileName": "Add-reference C#.png",
        "DownloadUri": "./1792313/a5ab8461-bff6-4032-a4aa-f4e2089a94b2"
      },
      {
        "Id": "e8e4abfb-96f7-4d15-9e37-640b5e6af453",
        "FileName": "VB.NET.png",
        "DownloadUri": "./1792313/e8e4abfb-96f7-4d15-9e37-640b5e6af453"
      },
      {
        "Id": "e28e47b7-7071-4b18-b1bf-8a65d98baa60",
        "FileName": "Add-reference VB.NET.png",
        "DownloadUri": "./1792313/e28e47b7-7071-4b18-b1bf-8a65d98baa60"
      }
    ]
  }
]
